ID,Mmin,MmaxC,btf,btz,Mmax_Zone
14,4.5,7.7,1.2900000000000005,1.7000000000000006,6.0
