ID,Mmin,MmaxC,btf,btz,Mmax_Zone
15,4.5,7.7,1.3300000000000003,1.6100000000000003,6.0
