ID,Mmin,MmaxC,btf,btz,Mmax_Zone
16,4.5,7.7,1.3400000000000003,1.2700000000000002,5.9
