ID,Mmin,MmaxC,btf,btz,Mmax_Zone
10,4.5,7.7,1.2100000000000002,1.2100000000000002,5.8
