ID,Mmin,MmaxC,btf,btz,Mmax_Zone
9,4.5,7.7,1.2000000000000002,1.2300000000000002,5.8
