ID,Mmin,MmaxC,btf,btz,Mmax_Zone
17,4.5,7.7,1.3600000000000003,1.2100000000000002,5.9
