ID,Mmin,MmaxC,btf,btz,Mmax_Zone
11,4.5,7.7,1.2200000000000002,1.5500000000000005,5.9
