ID,Mmin,MmaxC,btf,btz,Mmax_Zone
12,4.5,7.7,1.2500000000000002,1.4900000000000004,5.9
