ID,Mmin,MmaxC,btf,btz,Mmax_Zone
8,4.5,7.7,1.1800000000000002,1.2700000000000002,5.8
