ID,Mmin,MmaxC,btf,btz,Mmax_Zone
13,4.5,7.7,1.2600000000000002,1.760000000000001,6.0
